
INSERT INTO `Payment` (`paymentId`, `cost`, `method`) VALUES (1, 17, 'American Express');
INSERT INTO `Payment` (`paymentId`, `cost`, `method`) VALUES (2, 44, 'MasterCard');
INSERT INTO `Payment` (`paymentId`, `cost`, `method`) VALUES (3, 15, 'MasterCard');
INSERT INTO `Payment` (`paymentId`, `cost`, `method`) VALUES (4, 18, 'Visa');
INSERT INTO `Payment` (`paymentId`, `cost`, `method`) VALUES (5, 28, 'MasterCard');
INSERT INTO `Payment` (`paymentId`, `cost`, `method`) VALUES (6, 35, 'MasterCard');
INSERT INTO `Payment` (`paymentId`, `cost`, `method`) VALUES (7, 29, 'MasterCard');
INSERT INTO `Payment` (`paymentId`, `cost`, `method`) VALUES (8, 34, 'MasterCard');
INSERT INTO `Payment` (`paymentId`, `cost`, `method`) VALUES (9, 21, 'MasterCard');
INSERT INTO `Payment` (`paymentId`, `cost`, `method`) VALUES (10, 39, 'American Express');
INSERT INTO `Payment` (`paymentId`, `cost`, `method`) VALUES (11, 27, 'MasterCard');
INSERT INTO `Payment` (`paymentId`, `cost`, `method`) VALUES (12, 35, 'MasterCard');
INSERT INTO `Payment` (`paymentId`, `cost`, `method`) VALUES (13, 36, 'MasterCard');
INSERT INTO `Payment` (`paymentId`, `cost`, `method`) VALUES (14, 26, 'Visa');
INSERT INTO `Payment` (`paymentId`, `cost`, `method`) VALUES (15, 21, 'MasterCard');
INSERT INTO `Payment` (`paymentId`, `cost`, `method`) VALUES (16, 42, 'American Express');
INSERT INTO `Payment` (`paymentId`, `cost`, `method`) VALUES (17, 42, 'Visa');
INSERT INTO `Payment` (`paymentId`, `cost`, `method`) VALUES (18, 23, 'Visa');
INSERT INTO `Payment` (`paymentId`, `cost`, `method`) VALUES (19, 13, 'MasterCard');
INSERT INTO `Payment` (`paymentId`, `cost`, `method`) VALUES (20, 40, 'MasterCard');
INSERT INTO `Payment` (`paymentId`, `cost`, `method`) VALUES (21, 24, 'Visa');
INSERT INTO `Payment` (`paymentId`, `cost`, `method`) VALUES (22, 42, 'MasterCard');
INSERT INTO `Payment` (`paymentId`, `cost`, `method`) VALUES (23, 27, 'Discover Card');
INSERT INTO `Payment` (`paymentId`, `cost`, `method`) VALUES (24, 41, 'Visa');
INSERT INTO `Payment` (`paymentId`, `cost`, `method`) VALUES (25, 12, 'Visa');
INSERT INTO `Payment` (`paymentId`, `cost`, `method`) VALUES (26, 25, 'Discover Card');
INSERT INTO `Payment` (`paymentId`, `cost`, `method`) VALUES (27, 31, 'Visa');
INSERT INTO `Payment` (`paymentId`, `cost`, `method`) VALUES (28, 39, 'American Express');
INSERT INTO `Payment` (`paymentId`, `cost`, `method`) VALUES (29, 33, 'MasterCard');
INSERT INTO `Payment` (`paymentId`, `cost`, `method`) VALUES (30, 32, 'Visa');
INSERT INTO `Payment` (`paymentId`, `cost`, `method`) VALUES (31, 39, 'Visa');
INSERT INTO `Payment` (`paymentId`, `cost`, `method`) VALUES (32, 38, 'Visa');
INSERT INTO `Payment` (`paymentId`, `cost`, `method`) VALUES (33, 22, 'Visa');
INSERT INTO `Payment` (`paymentId`, `cost`, `method`) VALUES (34, 34, 'MasterCard');
INSERT INTO `Payment` (`paymentId`, `cost`, `method`) VALUES (35, 34, 'Visa');
INSERT INTO `Payment` (`paymentId`, `cost`, `method`) VALUES (36, 28, 'Visa');
INSERT INTO `Payment` (`paymentId`, `cost`, `method`) VALUES (37, 20, 'MasterCard');
INSERT INTO `Payment` (`paymentId`, `cost`, `method`) VALUES (38, 13, 'Visa');
INSERT INTO `Payment` (`paymentId`, `cost`, `method`) VALUES (39, 41, 'Visa');
INSERT INTO `Payment` (`paymentId`, `cost`, `method`) VALUES (40, 19, 'MasterCard');
INSERT INTO `Payment` (`paymentId`, `cost`, `method`) VALUES (41, 21, 'MasterCard');
INSERT INTO `Payment` (`paymentId`, `cost`, `method`) VALUES (42, 29, 'Visa');
INSERT INTO `Payment` (`paymentId`, `cost`, `method`) VALUES (43, 15, 'MasterCard');
INSERT INTO `Payment` (`paymentId`, `cost`, `method`) VALUES (44, 12, 'MasterCard');
INSERT INTO `Payment` (`paymentId`, `cost`, `method`) VALUES (45, 16, 'MasterCard');
INSERT INTO `Payment` (`paymentId`, `cost`, `method`) VALUES (46, 23, 'MasterCard');
INSERT INTO `Payment` (`paymentId`, `cost`, `method`) VALUES (47, 29, 'Discover Card');
INSERT INTO `Payment` (`paymentId`, `cost`, `method`) VALUES (48, 37, 'Visa');
INSERT INTO `Payment` (`paymentId`, `cost`, `method`) VALUES (49, 13, 'Discover Card');
INSERT INTO `Payment` (`paymentId`, `cost`, `method`) VALUES (50, 38, 'Visa');
INSERT INTO `Payment` (`paymentId`, `cost`, `method`) VALUES (51, 19, 'MasterCard');
INSERT INTO `Payment` (`paymentId`, `cost`, `method`) VALUES (52, 37, 'MasterCard');
INSERT INTO `Payment` (`paymentId`, `cost`, `method`) VALUES (53, 39, 'MasterCard');
INSERT INTO `Payment` (`paymentId`, `cost`, `method`) VALUES (54, 19, 'Visa');
INSERT INTO `Payment` (`paymentId`, `cost`, `method`) VALUES (55, 22, 'MasterCard');
INSERT INTO `Payment` (`paymentId`, `cost`, `method`) VALUES (56, 26, 'MasterCard');
INSERT INTO `Payment` (`paymentId`, `cost`, `method`) VALUES (57, 22, 'Visa');
INSERT INTO `Payment` (`paymentId`, `cost`, `method`) VALUES (58, 36, 'Visa');
INSERT INTO `Payment` (`paymentId`, `cost`, `method`) VALUES (59, 26, 'Visa');
INSERT INTO `Payment` (`paymentId`, `cost`, `method`) VALUES (60, 26, 'Visa');
INSERT INTO `Payment` (`paymentId`, `cost`, `method`) VALUES (61, 43, 'Visa');
INSERT INTO `Payment` (`paymentId`, `cost`, `method`) VALUES (62, 32, 'MasterCard');
INSERT INTO `Payment` (`paymentId`, `cost`, `method`) VALUES (63, 33, 'Visa');
INSERT INTO `Payment` (`paymentId`, `cost`, `method`) VALUES (64, 43, 'MasterCard');
INSERT INTO `Payment` (`paymentId`, `cost`, `method`) VALUES (65, 15, 'Discover Card');
INSERT INTO `Payment` (`paymentId`, `cost`, `method`) VALUES (66, 28, 'Visa');
INSERT INTO `Payment` (`paymentId`, `cost`, `method`) VALUES (67, 31, 'Visa');
INSERT INTO `Payment` (`paymentId`, `cost`, `method`) VALUES (68, 39, 'Discover Card');
INSERT INTO `Payment` (`paymentId`, `cost`, `method`) VALUES (69, 45, 'Discover Card');
INSERT INTO `Payment` (`paymentId`, `cost`, `method`) VALUES (70, 20, 'Discover Card');
INSERT INTO `Payment` (`paymentId`, `cost`, `method`) VALUES (71, 30, 'Discover Card');
INSERT INTO `Payment` (`paymentId`, `cost`, `method`) VALUES (72, 39, 'MasterCard');
INSERT INTO `Payment` (`paymentId`, `cost`, `method`) VALUES (73, 32, 'Visa');
INSERT INTO `Payment` (`paymentId`, `cost`, `method`) VALUES (74, 38, 'Visa');
INSERT INTO `Payment` (`paymentId`, `cost`, `method`) VALUES (75, 27, 'MasterCard');
INSERT INTO `Payment` (`paymentId`, `cost`, `method`) VALUES (76, 39, 'MasterCard');
INSERT INTO `Payment` (`paymentId`, `cost`, `method`) VALUES (77, 44, 'Visa');
INSERT INTO `Payment` (`paymentId`, `cost`, `method`) VALUES (78, 15, 'Visa');
INSERT INTO `Payment` (`paymentId`, `cost`, `method`) VALUES (79, 33, 'MasterCard');
INSERT INTO `Payment` (`paymentId`, `cost`, `method`) VALUES (80, 30, 'American Express');
INSERT INTO `Payment` (`paymentId`, `cost`, `method`) VALUES (81, 43, 'American Express');
INSERT INTO `Payment` (`paymentId`, `cost`, `method`) VALUES (82, 13, 'MasterCard');
INSERT INTO `Payment` (`paymentId`, `cost`, `method`) VALUES (83, 37, 'Visa');
INSERT INTO `Payment` (`paymentId`, `cost`, `method`) VALUES (84, 15, 'MasterCard');
INSERT INTO `Payment` (`paymentId`, `cost`, `method`) VALUES (85, 24, 'Visa');
INSERT INTO `Payment` (`paymentId`, `cost`, `method`) VALUES (86, 42, 'MasterCard');
INSERT INTO `Payment` (`paymentId`, `cost`, `method`) VALUES (87, 34, 'Discover Card');
INSERT INTO `Payment` (`paymentId`, `cost`, `method`) VALUES (88, 19, 'Visa');
INSERT INTO `Payment` (`paymentId`, `cost`, `method`) VALUES (89, 18, 'Visa');
INSERT INTO `Payment` (`paymentId`, `cost`, `method`) VALUES (90, 24, 'American Express');
INSERT INTO `Payment` (`paymentId`, `cost`, `method`) VALUES (91, 12, 'MasterCard');
INSERT INTO `Payment` (`paymentId`, `cost`, `method`) VALUES (92, 36, 'Visa');
INSERT INTO `Payment` (`paymentId`, `cost`, `method`) VALUES (93, 18, 'Visa');
INSERT INTO `Payment` (`paymentId`, `cost`, `method`) VALUES (94, 12, 'MasterCard');
INSERT INTO `Payment` (`paymentId`, `cost`, `method`) VALUES (95, 45, 'MasterCard');
INSERT INTO `Payment` (`paymentId`, `cost`, `method`) VALUES (96, 39, 'MasterCard');
INSERT INTO `Payment` (`paymentId`, `cost`, `method`) VALUES (97, 36, 'Visa');
INSERT INTO `Payment` (`paymentId`, `cost`, `method`) VALUES (98, 21, 'MasterCard');
INSERT INTO `Payment` (`paymentId`, `cost`, `method`) VALUES (99, 44, 'Visa');
INSERT INTO `Payment` (`paymentId`, `cost`, `method`) VALUES (100, 33, 'Visa');
INSERT INTO `RecreationCenter` (`recCenterId`, `name`, `rentalPricePerHour`) VALUES (1, 'Venus', 40);
INSERT INTO `RecreationCenter` (`recCenterId`, `name`, `rentalPricePerHour`) VALUES (2, 'Jupiter', 33);
INSERT INTO `RecreationCenter` (`recCenterId`, `name`, `rentalPricePerHour`) VALUES (3, 'Mercury', 29);
INSERT INTO `RecreationCenter` (`recCenterId`, `name`, `rentalPricePerHour`) VALUES (4, 'Puto', 25);
INSERT INTO `RecreationCenter` (`recCenterId`, `name`, `rentalPricePerHour`) VALUES (5, 'Mars', 12);
INSERT INTO `RecreationCenter` (`recCenterId`, `name`, `rentalPricePerHour`) VALUES (6, 'Earth', 31);
INSERT INTO `RecreationCenter` (`recCenterId`, `name`, `rentalPricePerHour`) VALUES (7, 'Neptune', 24);
INSERT INTO `RecreationCenter` (`recCenterId`, `name`, `rentalPricePerHour`) VALUES (8, 'Sun', 14);
INSERT INTO `RecreationCenter` (`recCenterId`, `name`, `rentalPricePerHour`) VALUES (9, 'Uranus', 22);
INSERT INTO `RecreationCenter` (`recCenterId`, `name`, `rentalPricePerHour`) VALUES (10, 'Nimiri', 33);
INSERT INTO `RecreationCenter` (`recCenterId`, `name`, `rentalPricePerHour`) VALUES (11, 'Titan', 33);
INSERT INTO `RecreationCenter` (`recCenterId`, `name`, `rentalPricePerHour`) VALUES (12, 'Sirius', 33);
INSERT INTO `User` (`username`, `password`, `isAdmin`) VALUES ('alysson.lowe', '8c26182707bd50e1d84ecf0754dd341897c2931d', 0);
INSERT INTO `User` (`username`, `password`, `isAdmin`) VALUES ('angus.stiedemann', 'f13176ac41c3e555cd81dc872f4c036437daa76a', 0);
INSERT INTO `User` (`username`, `password`, `isAdmin`) VALUES ('aurelia.zemlak', '3d39bedd9a6f99cbc2d12e5f317dfd8c23122c1e', 0);
INSERT INTO `User` (`username`, `password`, `isAdmin`) VALUES ('avery56', '99cc169fd7133d4db42f8f0cbcd444f123fa2c6f', 1);
INSERT INTO `User` (`username`, `password`, `isAdmin`) VALUES ('bauch.darby', '2ee640b011dabad9f37a494027093dd4abba5aba', 0);
INSERT INTO `User` (`username`, `password`, `isAdmin`) VALUES ('bhermann', '6feb221dd60a23a37f2b628c1c2a42257f668e5c', 0);
INSERT INTO `User` (`username`, `password`, `isAdmin`) VALUES ('blair18', 'c38c10340962391700632745283ae2c2fe311e6e', 1);
INSERT INTO `User` (`username`, `password`, `isAdmin`) VALUES ('brycen.paucek', '4f000034ec723a414cbc801b8ae3f5b6cfba6b61', 0);
INSERT INTO `User` (`username`, `password`, `isAdmin`) VALUES ('caitlyn04', 'ecae38a7b14c9df977121f038e702d734379aad4', 0);
INSERT INTO `User` (`username`, `password`, `isAdmin`) VALUES ('camron31', '65eb7f9cc6aee492558852375fa3a085c48770cd', 0);
INSERT INTO `User` (`username`, `password`, `isAdmin`) VALUES ('carolina68', '07913fa1bd96b52e889b2bc462c709a51417fc2b', 0);
INSERT INTO `User` (`username`, `password`, `isAdmin`) VALUES ('carter.schoen', '474b1a4dc4416792736eaa0cd6662f5e78557d20', 0);
INSERT INTO `User` (`username`, `password`, `isAdmin`) VALUES ('casimir82', '450cb2a1fae549b112b0b4e24f3937986508180b', 0);
INSERT INTO `User` (`username`, `password`, `isAdmin`) VALUES ('chet02', 'eef33629fbaf0ed286c989c70d652c38d3971111', 1);
INSERT INTO `User` (`username`, `password`, `isAdmin`) VALUES ('christopher.bailey', '745372253cd48f873d1c29eef31809796b91b596', 0);
INSERT INTO `User` (`username`, `password`, `isAdmin`) VALUES ('collier.ali', '66077075bc77843bf8ab63a20d96ca0f7bc20fb2', 0);
INSERT INTO `User` (`username`, `password`, `isAdmin`) VALUES ('coty62', 'bc63803293af3041d27054c24c1f249b64970b56', 0);
INSERT INTO `User` (`username`, `password`, `isAdmin`) VALUES ('crona.eudora', 'a219b56c63152feeee22e04d4eefb1330dc8fe6f', 0);
INSERT INTO `User` (`username`, `password`, `isAdmin`) VALUES ('csipes', '0f3db14008ce7490fd2af9d64e1b5da70b6bf668', 0);
INSERT INTO `User` (`username`, `password`, `isAdmin`) VALUES ('dankunding', '2b096ce60ca6f20b188c730756cbc071233d4672', 0);
INSERT INTO `User` (`username`, `password`, `isAdmin`) VALUES ('dawn21', '242fa9e743534e0a4a4bb772a90ddf6581073005', 0);
INSERT INTO `User` (`username`, `password`, `isAdmin`) VALUES ('ddavis', '9e1adf8a155a0a6c60f2fd1053a65ee36b6693af', 0);
INSERT INTO `User` (`username`, `password`, `isAdmin`) VALUES ('deshawn17', '04a3c97b5a0c08c42782e516d7aeeb27da527eff', 0);
INSERT INTO `User` (`username`, `password`, `isAdmin`) VALUES ('dion.o\'hara', '09923ef03ffc96169b7c07163f2136623719346c', 0);
INSERT INTO `User` (`username`, `password`, `isAdmin`) VALUES ('elisabeth73', '740644ff78b626ecbfc7ead5336f444a897261c2', 0);
INSERT INTO `User` (`username`, `password`, `isAdmin`) VALUES ('estefania.kub', 'e79f1ecd99f33f88eb55883ea38cc9b3cc12e6d2', 0);
INSERT INTO `User` (`username`, `password`, `isAdmin`) VALUES ('estrella.volkman', 'ff851ecf59c31171f182d3523c64b8a64c674e20', 0);
INSERT INTO `User` (`username`, `password`, `isAdmin`) VALUES ('estrella53', '877727c52c69a41941ed79b09f8e564e6eea77c4', 0);
INSERT INTO `User` (`username`, `password`, `isAdmin`) VALUES ('ewald98', '089455869bac01e17464cb10367a1cd9fbd94751', 0);
INSERT INTO `User` (`username`, `password`, `isAdmin`) VALUES ('ewell.fadel', '0af16d5d7adb655594fb205d6572acee4963e1e4', 0);
INSERT INTO `User` (`username`, `password`, `isAdmin`) VALUES ('fcrona', '8877d0101065ee8a04b22af15f27bd15f4feea12', 0);
INSERT INTO `User` (`username`, `password`, `isAdmin`) VALUES ('finn99', '28d7a6318552a7014e9b7d1b4865276663e864c8', 0);
INSERT INTO `User` (`username`, `password`, `isAdmin`) VALUES ('garfield60', 'ccc336b1eb54bf027d40b1c50192e62e9a93b2ed', 0);
INSERT INTO `User` (`username`, `password`, `isAdmin`) VALUES ('garrett48', 'ce97d26da3d19200bb67495070bf4db5d82197e6', 0);
INSERT INTO `User` (`username`, `password`, `isAdmin`) VALUES ('golden.glover', '4483c9542eceb1559b12b9164ec3b32869b99dad', 0);
INSERT INTO `User` (`username`, `password`, `isAdmin`) VALUES ('greenholt.mireille', 'a72d0dd5a9fad104b8f9f5ebcb2c265d91ea6366', 0);
INSERT INTO `User` (`username`, `password`, `isAdmin`) VALUES ('hartmann.anibal', '0bbb20c3b0361638401c09cbd2be1e6f408f836e', 1);
INSERT INTO `User` (`username`, `password`, `isAdmin`) VALUES ('henry27', '346f74cacb74699ad0e4a2e15f7882f5f0591a20', 0);
INSERT INTO `User` (`username`, `password`, `isAdmin`) VALUES ('hillard07', '870f8e9aa1af832e52a5754f0fb012679db52af3', 0);
INSERT INTO `User` (`username`, `password`, `isAdmin`) VALUES ('hintz.nora', 'e56107d947ba1e7355d332ab88a2156df5fafe09', 0);
INSERT INTO `User` (`username`, `password`, `isAdmin`) VALUES ('hirthe.euna', '5ab527cc3c187c48824542313943292f4d7d965c', 0);
INSERT INTO `User` (`username`, `password`, `isAdmin`) VALUES ('irma.kohler', '2f9a17c54b98763a05da06a77def258e8bf20c58', 1);
INSERT INTO `User` (`username`, `password`, `isAdmin`) VALUES ('janice.cummings', 'f4e5dc03b16caef2a1bd8e5959e9646b1fee7704', 0);
INSERT INTO `User` (`username`, `password`, `isAdmin`) VALUES ('juliana.morissette', '3a22a90f6779ae7fd9c30bfa3568685409d645db', 0);
INSERT INTO `User` (`username`, `password`, `isAdmin`) VALUES ('justus47', 'a7fe3af27b3c6f3f5b289fa7c7e01bbb73f167a8', 0);
INSERT INTO `User` (`username`, `password`, `isAdmin`) VALUES ('kallie31', '6ac3bfb65bc9ef7c0ee1562c3ed5732207a42743', 0);
INSERT INTO `User` (`username`, `password`, `isAdmin`) VALUES ('kariane.braun', '7d8d25971b07e87686a5d7b56b2eca426d613a48', 0);
INSERT INTO `User` (`username`, `password`, `isAdmin`) VALUES ('keeley.rowe', 'df06f8f21bbbd73412ba6961dca9ea627f58bfe6', 0);
INSERT INTO `User` (`username`, `password`, `isAdmin`) VALUES ('kenna.crooks', '85fdece83d32c7796df02527f354686b7a3d477d', 0);
INSERT INTO `User` (`username`, `password`, `isAdmin`) VALUES ('kiera.johns', '1629919f7d5c7a99aaf8ca8a1ccecec5100500ad', 0);
INSERT INTO `User` (`username`, `password`, `isAdmin`) VALUES ('konopelski.delmer', 'fc37c198fc969ac803179b0ec803ac8eb5d1b5f2', 0);
INSERT INTO `User` (`username`, `password`, `isAdmin`) VALUES ('krempel', '859acf8bea41e87cab01fbb6dc6420349f0fe1a3', 0);
INSERT INTO `User` (`username`, `password`, `isAdmin`) VALUES ('kub.darrell', 'c95070c63487b29d6b4a9d34b67098b83244bc82', 0);
INSERT INTO `User` (`username`, `password`, `isAdmin`) VALUES ('laila.witting', 'bf687c35fe36212cdcf40a3782c0602d30433df6', 0);
INSERT INTO `User` (`username`, `password`, `isAdmin`) VALUES ('larkin.bria', 'd36fe11c87dd729740982173821d19d0eb3eab0b', 0);
INSERT INTO `User` (`username`, `password`, `isAdmin`) VALUES ('libbie.rath', 'a468f0d37bb0bda5a43ead3928e495f3de394f9c', 0);
INSERT INTO `User` (`username`, `password`, `isAdmin`) VALUES ('london.orn', '59a03dd4a61208e52f674737d5cb163f286fa179', 0);
INSERT INTO `User` (`username`, `password`, `isAdmin`) VALUES ('lturner', 'd2bf09f7ab7cf99e9b1190b47892a4c0f63fa5de', 0);
INSERT INTO `User` (`username`, `password`, `isAdmin`) VALUES ('lyric18', 'ec946582dd609083a43caf83139b6706960ff991', 0);
INSERT INTO `User` (`username`, `password`, `isAdmin`) VALUES ('macey.roob', 'b28043df425927b67507d710de315884e29898a2', 0);
INSERT INTO `User` (`username`, `password`, `isAdmin`) VALUES ('mayer.kelsi', 'efae810dba20d35f435e9a07f9ea27670af45c93', 0);
INSERT INTO `User` (`username`, `password`, `isAdmin`) VALUES ('mckenna40', 'e757bde82fa8e40737d2b22048ca5292ac354a34', 0);
INSERT INTO `User` (`username`, `password`, `isAdmin`) VALUES ('meda.kuphal', '37a4769d854ad5ed378a5177f7e7e55f2d7f89ca', 0);
INSERT INTO `User` (`username`, `password`, `isAdmin`) VALUES ('mkassulke', '4dedeed2e23b15a6007c212f16ec897937fda69a', 0);
INSERT INTO `User` (`username`, `password`, `isAdmin`) VALUES ('mueller.cary', '7dec6cacda908b659afd13e77c1ee5aa06d82da8', 0);
INSERT INTO `User` (`username`, `password`, `isAdmin`) VALUES ('nader.opal', 'a4c5e6ce907240ea3e58f246e1b1896437fc68ba', 0);
INSERT INTO `User` (`username`, `password`, `isAdmin`) VALUES ('nannie14', 'fa33711ef4cb91255dc5c286885917e80ef60b05', 0);
INSERT INTO `User` (`username`, `password`, `isAdmin`) VALUES ('orpha.hayes', '051699a8aea548e436692be407ff4f677aec8cb7', 1);
INSERT INTO `User` (`username`, `password`, `isAdmin`) VALUES ('osborne.fisher', '6dbb18f2dbaf355beaafc715788a9e8d6a945ac2', 0);
INSERT INTO `User` (`username`, `password`, `isAdmin`) VALUES ('paige.baumbach', 'fe0191a4061244a4865c16c3562a6961b615442a', 0);
INSERT INTO `User` (`username`, `password`, `isAdmin`) VALUES ('predovic.leon', '1360761083894aaec7ae57be86ed52ac3855d71c', 0);
INSERT INTO `User` (`username`, `password`, `isAdmin`) VALUES ('proob', '0557f86bd116402d92406560692f1420d4c0cd78', 0);
INSERT INTO `User` (`username`, `password`, `isAdmin`) VALUES ('pstehr', '8427198fac6ff8817bfed9afb04d6cc10887c8bd', 0);
INSERT INTO `User` (`username`, `password`, `isAdmin`) VALUES ('qschinner', 'a5358182086e88dea49cbb934f760be535483cb5', 0);
INSERT INTO `User` (`username`, `password`, `isAdmin`) VALUES ('raoul.dooley', '9b15dac3e6607730cf6f18e0f54fab86f0262ab8', 0);
INSERT INTO `User` (`username`, `password`, `isAdmin`) VALUES ('reed.treutel', 'f6c7c0c83cfb42d95b9ed3d184440dc677b6caf8', 1);
INSERT INTO `User` (`username`, `password`, `isAdmin`) VALUES ('reichert.presley', 'b0184469b4dcb986a62cc19e146563cf385d9fbc', 0);
INSERT INTO `User` (`username`, `password`, `isAdmin`) VALUES ('rex72', 'd6e69f49eb2b6f42ec7f0bdfeb6f02e42b783f89', 0);
INSERT INTO `User` (`username`, `password`, `isAdmin`) VALUES ('rico.hilpert', '6c7bf41026167fe9fe2bea3d02b673767ee53628', 0);
INSERT INTO `User` (`username`, `password`, `isAdmin`) VALUES ('riley.walker', 'ef0321c13c57f555accaec2ef1a9d93b4fc32fb9', 0);
INSERT INTO `User` (`username`, `password`, `isAdmin`) VALUES ('rjaskolski', '253de2e1c50cc259abf0ee2009b5805ff187c64a', 0);
INSERT INTO `User` (`username`, `password`, `isAdmin`) VALUES ('rudolph.greenfelder', 'd9d6543fa0da1fac7b54cb61e30679e1bddcabe4', 0);
INSERT INTO `User` (`username`, `password`, `isAdmin`) VALUES ('ruecker.camylle', 'fc74c933ee602aead4f9287d1e9dfc323cb4b671', 0);
INSERT INTO `User` (`username`, `password`, `isAdmin`) VALUES ('sallie85', '7955aa29a14dfd328d1b48b24ac33e11f8b8edef', 0);
INSERT INTO `User` (`username`, `password`, `isAdmin`) VALUES ('schaden.weston', 'd1406294dc5de7cb409aafd776676beb279f772a', 0);
INSERT INTO `User` (`username`, `password`, `isAdmin`) VALUES ('scottie.beahan', 'b2e1f621d1b9df0e7ab3e082a26f05f906159e85', 0);
INSERT INTO `User` (`username`, `password`, `isAdmin`) VALUES ('shemar.o\'reilly', 'dd3de048b8b4f735913db62d990a170f54824742', 1);
INSERT INTO `User` (`username`, `password`, `isAdmin`) VALUES ('shields.lottie', '2fe1167fe2ae014eb9715776a85fbc0bd0776482', 0);
INSERT INTO `User` (`username`, `password`, `isAdmin`) VALUES ('tessie73', 'bd550e9a2ee27e669ace3dd043237453f259cd86', 0);
INSERT INTO `User` (`username`, `password`, `isAdmin`) VALUES ('tkulas', 'b182ec1819430a04adcd779fcc9ae39fd0a7e74c', 0);
INSERT INTO `User` (`username`, `password`, `isAdmin`) VALUES ('trace66', '04d5f25b79cba119c8bc766a542ed515815bea15', 0);
INSERT INTO `User` (`username`, `password`, `isAdmin`) VALUES ('trent.mertz', '5157b70a1cc3b40f92247bc0e7c9eb1b46b6cf57', 0);
INSERT INTO `User` (`username`, `password`, `isAdmin`) VALUES ('tressa.hudson', '9f03f62278869183c25da68818222800b5a051d5', 1);
INSERT INTO `User` (`username`, `password`, `isAdmin`) VALUES ('valentin.runte', 'abc6b7593d8fa03deab41226fa7154bdec6b5ac5', 1);
INSERT INTO `User` (`username`, `password`, `isAdmin`) VALUES ('vbarrows', '3cebe6494a29d632ac7949aca58014c4590aa20c', 0);
INSERT INTO `User` (`username`, `password`, `isAdmin`) VALUES ('verna81', '71da6517c46fa70a8a29291525fac07e428e7691', 0);
INSERT INTO `User` (`username`, `password`, `isAdmin`) VALUES ('vrenner', 'a0bd69464af8d34861333fa7e1d0b2da5253e2ac', 0);
INSERT INTO `User` (`username`, `password`, `isAdmin`) VALUES ('vshields', '8f98854b4f07faa2b109d79e6dd822071e7d0543', 0);
INSERT INTO `User` (`username`, `password`, `isAdmin`) VALUES ('walter.justice', '61da3c2685e4c62cfddca700a04e2fd86e9330e8', 0);
INSERT INTO `User` (`username`, `password`, `isAdmin`) VALUES ('willow.paucek', 'b4f6c733dc3f1c2c481ce5ad15e339ebac41f2fd', 0);
INSERT INTO `TennisCourt` (`tennisCourtId`, `recCenterId`, `type`) VALUES (1, 2, 'Hard');
INSERT INTO `TennisCourt` (`tennisCourtId`, `recCenterId`, `type`) VALUES (2, 3, 'Hard');
INSERT INTO `TennisCourt` (`tennisCourtId`, `recCenterId`, `type`) VALUES (3, 7, 'Grass');
INSERT INTO `TennisCourt` (`tennisCourtId`, `recCenterId`, `type`) VALUES (4, 3, 'Hard');
INSERT INTO `TennisCourt` (`tennisCourtId`, `recCenterId`, `type`) VALUES (5, 6, 'Sand');
INSERT INTO `TennisCourt` (`tennisCourtId`, `recCenterId`, `type`) VALUES (6, 3, 'Sand');
INSERT INTO `TennisCourt` (`tennisCourtId`, `recCenterId`, `type`) VALUES (7, 10, 'Sand');
INSERT INTO `TennisCourt` (`tennisCourtId`, `recCenterId`, `type`) VALUES (8, 8, 'Grass');
INSERT INTO `TennisCourt` (`tennisCourtId`, `recCenterId`, `type`) VALUES (9, 1, 'Sand');
INSERT INTO `TennisCourt` (`tennisCourtId`, `recCenterId`, `type`) VALUES (10, 4, 'Grass');
INSERT INTO `TennisCourt` (`tennisCourtId`, `recCenterId`, `type`) VALUES (11, 12, 'Grass');
INSERT INTO `TennisCourt` (`tennisCourtId`, `recCenterId`, `type`) VALUES (12, 11, 'Grass');
INSERT INTO `Archive` (`reservationId`, `username`, `tennisCourtId`, `paymentId`, `reservationTimeStart`, `reservationTimeEnd`, `updateAt`) VALUES ('1', 'alysson.lowe', '1', '15', '2018-12-01 15:30:00', '2018-12-01 16:00:00', '2018-10-01 08:00:00'),
('2', 'angus.stiedemann', '2', '68', '2018-11-23 14:00:00', '2018-11-23 14:30:00', '2018-10-01 08:00:00'),
('3', 'aurelia.zemlak', '3', '34', '2018-11-25 08:30:00', '2018-11-25 09:00:00', '2018-10-01 08:00:00'),
('4', 'avery56', '4', '19', '2018-11-29 12:00:00', '2018-11-29 12:30:00', '2018-10-01 08:00:00'),
('5', 'coty62', '5', '54', '2018-12-04 14:30:00', '2018-12-04 15:00:00', '2018-10-01 08:00:00'),
('6', 'garrett48', '6', '32', '2018-11-18 09:00:00', '2018-11-18 09:30:00', '2018-10-01 08:00:00'),
('7', 'casimir82', '7', '87', '2018-10-02 12:30:00', '2018-10-02 13:00:00', '2018-10-01 08:00:00'),
('8', 'kallie31', '8', '93', '2018-11-09 13:00:00', '2018-11-09 13:30:00', '2018-10-01 08:00:00'),
('9', 'justus47', '9', '24', '2018-11-13 14:00:00', '2018-11-13 14:30:00', '2018-10-01 08:00:00'),
('10', 'rex72', '10', '71', '2018-10-30 15:30:00', '2018-10-30 16:00:00', '2018-10-01 08:00:00'),
('11', 'alysson.lowe', '7', '15', '2018-10-15 15:30:00', '2018-10-15 16:30:00', '2018-10-01 08:00:00'),
('12', 'alysson.lowe', '7', '15', '2018-10-14 15:30:00', '2018-10-14 16:30:00', '2018-10-01 08:00:00');
